Key,manufacturer email,manufacturer name,Street Number,Street Name,Street Name2,City,State,Country,Zip,Contact Name,Shipping,Lead Time
1,elmo@gmail.com,Elmo CNC,124,Sesame Ave.,apt A,Pitssburgh,PA,USA,15106,Bill,air,7
2,grover@gmail.com,Grover CNC,56,Building 11,,Guangzhou,,China,511495,Bob,ocean,40
3,clampsrus@gmail.com,Clamps R Us,967,Elm Rd.,,Santa Carina,,Mexico,66738,Jill,air,25
4,bearbest@gmail.com,Bearings Best,9001,Main Drag,NW,Seattle,WA,USA,98039,Suze,ground,3
5,boltworld@gmail.com,Bolt World,8745,Astro Ave.,,Portland,OR,USA,97001,Howard,ground,4
6,spacehouse@gmail.com,Space House,56432,Park Place,,New York,NY,USA,10001,Ethel,ground,5
7,springyman@gmail.com,Springy Man,3001,Akron St.,,Denver,CO,USA,80210,Frank,air,3
8,bumpbump@gmail.com,Bump Bump,1441,Norway Cove,Unit C,London,,England,NW1 4NP,George,air,10
9,bushbro@gmail.com,Bush Bro,2300,Downingto AB.,,London,,England,EC2V 6BN,Kate,air,15
10,washup@gmail.com,Wash Up,5679,Limo Dr.,,Los Angeles,CA,USA,90007,Sven,ground,8
11,3dmadness@gmail.com,3D Madness,5475,Make Blvd.,,Topeka,KS,USA,68546,Blake,ground,8
12,tubeworld@gmail.com,Tube World,97777,Tuba Dr. ,,Denver,Co,USA,80209,Lisa,freight,3
13,grippy@gmail.com,Grippy Guy,68215,Jackson Ave,,San Diego,CA,USA,92037,Lori,ground,6
14,nuttyandbold@gmail.com,Nutty and Bold,56332,Budman Blvd.,,New Orleans,LA,USA,70114,Sam,air,4